tax_id,tax_level,genus_tax_id,name,common_name,category,is_phage,agg_score,max_z_score,nt_z_score,nt_rpm,nt_count,nt_contigs,nt_contig_r,nt_percent_identity,nt_alignment_length,nt_e_value,nt_bg_mean,nt_bg_stdev,nt_bg_mean_mass_normalized,nt_bg_stdev_mass_normalized,nr_z_score,nr_rpm,nr_count,nr_contigs,nr_contig_r,nr_percent_identity,nr_alignment_length,nr_e_value,nr_bg_mean,nr_bg_stdev,nr_bg_mean_mass_normalized,nr_bg_stdev_mass_normalized,species_tax_ids,known_pathogen
10912,2,10912,Rotavirus,"",viruses,false,17418534863.195057,100,100,871050.3089143866,49345,11,49308,98.7458,2197.06,10^-261.435,,,,,100,870838.481906443,49333,11,49308,98.1621,718.213,10^-299.849,,,,,"[28875, 1906931]",1
28875,1,10912,Rotavirus A,"",viruses,false,17418534863.195057,100,100,871050.3089143866,49345,11,49308,98.7458,2197.06,10^-261.435,,,,,100,870803.1774051192,49331,11,49308,98.162,718.242,10^-299.861,,,,,,1
1906931,1,10912,Human rotavirus,"",viruses,false,353045.013239188,100,,,,,,,,,,,,,100,35.3045013239188,2,,,100.0,29.0,10^-8.9393,,,,,,0
-200,2,-200,all taxa with neither family nor genus classification,,,false,38062135.9223301,99,99,4095.3221535745806,232,2,138,96.419,472.872,10^-201.705,14427.6,17162.3,0.0317811,0.0421936,99,653.1332744924978,37,,,90.2919,32.0811,10^-11.0428,3014.55,3445.96,0.00694643,0.00945252,"[77133, 38018, 2832643, 2292884, -100, 2302989, 1898207, 1852923, 1852815, 1701326, 1635289, 2900548, 155900, 1211]",0
77133,1,-200,uncultured bacterium,"",bacteria,false,38062135.9223301,99,99,3812.8861429832305,216,2,138,96.2564,498.84,10^-212.345,5695.44,6049.99,0.0124245,0.0140946,99,70.6090026478376,4,,,74.425,31.75,10^-7.59295,330.761,739.604,0.00114068,0.00255065,,0
38018,1,-200,Bacteriophage sp.,"",viruses,true,3145631.067961165,100,100,211.8270079435128,12,,,99.3823,76.4,10^-39.2318,,,,,100,105.9135039717564,6,,,99.3333,30.0,10^-12.1697,,,,,,0
2832643,1,-200,Caudoviricetes sp.,"",viruses,false,1384077.6699029126,99,,,,,,,,,,,,,99,141.2180052956752,8,,,88.8625,30.0,10^-8.54805,618.48,990.526,0.000930064,0.00129024,,0
2292884,1,-200,Firmicutes bacterium AF12-30,"",bacteria,false,699029.1262135922,100,,,,,,,,,,,,,100,70.6090026478376,4,,,98.5,28.75,10^-13.1752,,,,,,0
-100,1,-200,all taxa with neither family nor genus classification,,,false,448912.7375521086,85.62594808864294,,,,,,,,,,,,,85.62594808864294,52.9567519858782,3,,,92.3333,47.6667,10^-17.4098,494.695,738.802,0.00154719,0.00248451,,0
2302989,1,-200,Clostridiales bacterium TF09-2AC,"",bacteria,false,349514.5631067961,100,,,,,,,,,,,,,100,35.3045013239188,2,,,97.4,39.0,10^-17.6073,,,,,,0
1898207,1,-200,Clostridiales bacterium,"",bacteria,false,349514.5631067961,100,100,35.3045013239188,2,,,96.262,107.0,10^-54.9826,,,,,,,,,,,,,,,,,,0
1852923,1,-200,Thermotogota bacterium ADurb.Bin062,"",bacteria,false,349514.5631067961,100,,,,,,,,,,,,,100,35.3045013239188,2,,,83.3,18.0,10^-3.70774,,,,,,0
1852815,1,-200,Bacteroidetes bacterium ADurb.BinA012,"",bacteria,false,349514.5631067961,100,,,,,,,,,,,,,100,35.3045013239188,2,,,88.6,35.0,10^-12.4101,,,,,,0
1701326,1,-200,uncultured bacterium 5G4,"",bacteria,false,349514.5631067961,100,,,,,,,,,,,,,100,35.3045013239188,2,,,76.9,26.0,10^-3.06803,,,,,,0
1635289,1,-200,Actinobacteria bacterium 66_15,"",bacteria,false,349514.5631067961,100,,,,,,,,,,,,,100,35.3045013239188,2,,,86.4,44.0,10^-15.0097,,,,,,0
2900548,1,-200,Actinomycetota bacterium,"",bacteria,false,346019.41747572814,99,,,,,,,,,,,,,99,35.3045013239188,2,,,100.0,29.0,10^-14.1361,564.799,984.149,0.000903788,0.00126324,,0
155900,1,-200,uncultured organism,"",,false,74379.58122018061,42.561649253770014,42.561649253770014,17.6522506619594,1,,,97.98,99.0,10^-52.2716,447.78,613.265,0.00102224,0.00165422,,,,,,,,,,,,,,0
1211,1,-200,uncultured cyanobacterium,"",bacteria,false,72627.32217614891,41.55896768968521,41.55896768968521,17.6522506619594,1,,,100.0,38.0,10^-13.5749,220.507,493.069,0.000760456,0.00170043,,,,,,,,,,,,,,0
1578,2,1578,Lactobacillus,"",bacteria,false,16427184.466019416,99,,,,,,,,,,,,,99,2894.9691085613417,164,3,162,75.6695,133.762,10^-64.4044,946.349,1297.51,0.00174307,0.00268522,"[83683, 47770, 147802, 1587]",0
83683,1,1578,Lactobacillus amylolyticus,"",bacteria,false,16427184.466019416,100,,,,,,,,,,,,,100,1659.3115622241835,94,1,94,70.909,165.0,10^-75.3556,,,,,,0
47770,1,1578,Lactobacillus crispatus,"",bacteria,false,7689320.388349515,100,,,,,,,,,,,,,100,776.6990291262136,44,1,44,84.545,110.0,10^-64.2534,,,,,,0
147802,1,1578,Lactobacillus iners,"",bacteria,false,4152233.009708738,99,,,,,,,,,,,,,99,423.6540158870256,24,1,24,78.125,64.0,10^-27.2396,327.869,733.137,0.000813008,0.00181794,,0
1587,1,1578,Lactobacillus helveticus,"",bacteria,false,346019.41747572814,99,,,,,,,,,,,,,99,35.3045013239188,2,,,78.8,33.0,10^-9.8041,163.934,366.569,0.000406504,0.000908971,,0
1678,2,1678,Bifidobacterium,"",bacteria,false,15710503.089143865,100,100,3036.187113857017,172,3,76,98.1879,203.878,10^-120.812,,,,,100,2224.1835834068843,126,3,76,83.1656,60.9762,10^-26.2111,,,,,"[1686, 216816, 28026, 1680, 1694, 1681, 1685, 1765219, 1603886, 28025, 246618]",0
1686,1,1678,Bifidobacterium catenulatum,"",bacteria,false,15710503.089143865,100,100,1571.0503089143865,89,2,60,99.4843,275.27,10^-184.635,,,,,,,,,,,,,,,,,,0
216816,1,1678,Bifidobacterium longum,"",bacteria,false,13592233.00970874,100,100,441.306266548985,25,,,99.5069,86.44,10^-45.8683,,,,,100,917.9170344218888,52,1,40,81.4738,74.1923,10^-32.3556,,,,,,0
28026,1,1678,Bifidobacterium pseudocatenulatum,"",bacteria,false,9532215.357458076,100,100,882.61253309797,50,1,16,95.0187,158.38,10^-59.4247,,,,,100,70.6090026478376,4,,,98.15,27.5,10^-8.09438,,,,,,0
1680,1,1678,Bifidobacterium adolescentis,"",bacteria,false,7766990.291262136,100,100,35.3045013239188,2,,,100.0,60.5,10^-28.8232,,,,,100,741.3945278022948,42,1,20,93.191,43.4762,10^-22.9436,,,,,,0
1694,1,1678,Bifidobacterium pseudolongum,"",bacteria,false,3000882.6125330976,100,,,,,,,,,,,,,100,300.0882612533098,17,1,16,59.3772,92.9412,10^-32.4851,,,,,,0
1681,1,1678,Bifidobacterium bifidum,"",bacteria,false,1235657.546337158,100,100,17.6522506619594,1,,,98.99,99.0,10^-53.644,,,,,100,105.9135039717564,6,,,86.8333,28.3333,10^-7.82495,,,,,,0
1685,1,1678,Bifidobacterium breve,"",bacteria,false,529567.519858782,100,100,52.9567519858782,3,,,98.87,54.6667,10^-23.9414,,,,,,,,,,,,,,,,,,0
1765219,1,1678,Bifidobacterium eulemuris,"",bacteria,false,353045.013239188,100,100,35.3045013239188,2,,,100.0,52.0,10^-23.0453,,,,,,,,,,,,,,,,,,0
1603886,1,1678,Bifidobacterium lemurum,"",bacteria,false,353045.013239188,100,,,,,,,,,,,,,100,35.3045013239188,2,,,87.5,24.0,10^-4.41005,,,,,,0
28025,1,1678,Bifidobacterium animalis,"",bacteria,false,353045.013239188,100,,,,,,,,,,,,,100,35.3045013239188,2,,,66.7,30.0,10^-3.23582,,,,,,0
246618,1,1678,Bifidobacterium thermacidophilum,"",bacteria,false,176522.506619594,100,,,,,,,,,,,,,100,17.6522506619594,1,,,96.8,31.0,10^-9.60555,,,,,,0
46123,2,46123,Abiotrophia,"",bacteria,false,8473080.317740511,100,100,847.3080317740512,48,2,40,91.7874,377.354,10^-191.69,,,,,100,35.3045013239188,2,,,82.8,29.0,10^-6.52724,,,,,"[46125, 76631]",1
46125,1,46123,Abiotrophia defectiva,"",bacteria,false,8473080.317740511,100,100,847.3080317740512,48,2,40,91.7874,377.354,10^-191.69,,,,,,,,,,,,,,,,,,1
76631,1,46123,Abiotrophia sp.,"",bacteria,false,353045.013239188,100,,,,,,,,,,,,,100,35.3045013239188,2,,,82.8,29.0,10^-6.52724,,,,,,0
1569,2,1569,Sporosarcina,"",bacteria,false,5295675.19858782,100,100,829.6557811120917,47,1,18,94.7458,157.021,10^-67.0186,,,,,100,35.3045013239188,2,,,97.9,48.0,10^-22.6785,,,,,"[298596, 2810514, 2762563, 2715535, 1476]",0
298596,1,1569,Sporosarcina ureilytica,"",bacteria,false,5295675.19858782,100,100,529.567519858782,30,1,18,93.4987,191.733,10^-77.8419,,,,,,,,,,,,,,,,,,0
2810514,1,1569,Sporosarcina sp. Marseille-Q4063,"",bacteria,false,2471315.092674316,100,100,247.1315092674316,14,,,96.3701,93.5714,10^-45.4723,,,,,,,,,,,,,,,,,,0
2762563,1,1569,Sporosarcina sp. resist,"",bacteria,false,353045.013239188,100,100,35.3045013239188,2,,,99.4565,102.5,10^-56.719,,,,,,,,,,,,,,,,,,0
2715535,1,1569,Sporosarcina jiandibaonis,"",bacteria,false,353045.013239188,100,,,,,,,,,,,,,100,35.3045013239188,2,,,97.9,48.0,10^-22.6785,,,,,,0
1476,1,1569,Sporosarcina psychrophila,"",bacteria,false,176522.506619594,100,100,17.6522506619594,1,,,100.0,113.0,10^-64.5655,,,,,,,,,,,,,,,,,,0
2316020,2,2316020,Mediterraneibacter,"",bacteria,false,4236540.158870256,100,100,353.045013239188,20,1,12,96.2099,176.0,10^-76.2272,,,,,100,141.2180052956752,8,,,94.525,37.5,10^-15.5283,,,,,"[33039, 33038]",0
33039,1,2316020,[Ruminococcus] torques,"",bacteria,false,4236540.158870256,100,100,317.7405119152692,18,1,12,95.7888,189.444,10^-81.9102,,,,,100,105.9135039717564,6,,,97.8333,41.3333,10^-18.5544,,,,,,0
33038,1,2316020,Mediterraneibacter gnavus,"",bacteria,false,706090.026478376,100,100,35.3045013239188,2,,,100.0,55.0,10^-25.0795,,,,,100,35.3045013239188,2,,,84.6,26.0,10^-6.44977,,,,,,0
207244,2,207244,Anaerostipes,"",bacteria,false,3177405.119152692,100,100,317.7405119152692,18,,,99.0431,88.3333,10^-46.6271,,,,,,,,,,,,,,,,,[649756],0
649756,1,207244,Anaerostipes hadrus,"",bacteria,false,3177405.119152692,100,100,317.7405119152692,18,,,99.0431,88.3333,10^-46.6271,,,,,,,,,,,,,,,,,,0
1372,2,1372,Planococcus,"",bacteria,false,3177405.119152692,100,100,17.6522506619594,1,,,98.913,92.0,10^-48.8726,,,,,100,317.7405119152692,18,1,18,77.5,80.0,10^-39.308,,,,,"[1499687, 192421]",0
1499687,1,1372,Planococcus massiliensis,"",bacteria,false,3177405.119152692,100,,,,,,,,,,,,,100,317.7405119152692,18,1,18,77.5,80.0,10^-39.308,,,,,,0
192421,1,1372,Planococcus maritimus,"",bacteria,false,176522.506619594,100,100,17.6522506619594,1,,,98.913,92.0,10^-48.8726,,,,,,,,,,,,,,,,,,0
189330,2,189330,Dorea,"",bacteria,false,3121200.3530450133,100,100,88.261253309797,5,,,98.3908,99.8,10^-53.118,,,,,99,282.4360105913504,16,1,12,89.0352,65.0,10^-31.436,163.934,366.569,0.000406504,0.000908971,"[88431, 39486]",0
88431,1,189330,Dorea longicatena,"",bacteria,false,3121200.3530450133,100,100,35.3045013239188,2,,,97.857,140.0,10^-78.8824,,,,,99,282.4360105913504,16,1,12,89.0352,65.0,10^-31.436,163.934,366.569,0.000406504,0.000908971,,0
39486,1,189330,Dorea formicigenerans,"",bacteria,false,529567.519858782,100,100,52.9567519858782,3,,,98.7467,73.0,10^-35.9417,,,,,,,,,,,,,,,,,,0
1301,2,1301,Streptococcus,"",bacteria,false,2796116.504854369,99,-100,0.0,0,,,0,0,10^0,2377.62,4164.0,0.0105236,0.0220971,99,406.0017652250662,23,1,16,81.7245,45.0435,10^-19.2363,1400.89,2055.2,0.00226663,0.00311864,"[1311, 1336, 1313]",3
1311,1,1301,Streptococcus agalactiae,"",bacteria,false,2796116.504854369,100,,,,,,,,,,,,,100,282.4360105913504,16,1,16,82.979,47.0,10^-22.4935,,,,,,1
1336,1,1301,Streptococcus equi,"",bacteria,false,1038058.2524271845,99,,,,,,,,,,,,,99,105.9135039717564,6,,,80.5167,39.8333,10^-11.9162,327.869,733.137,0.000813008,0.00181794,,1
1313,1,1301,Streptococcus pneumoniae,"",bacteria,false,105842.27693871943,60.565302914933895,,,,,,,,,,,,,60.565302914933895,17.6522506619594,1,,,68.9,45.0,10^-11.0424,454.545,1016.39,0.00052356,0.00117072,,1
1386,2,1386,Bacillus,"",bacteria,false,2294792.5860547223,100,99,70.6090026478376,4,,,98.1145,121.5,10^-66.9447,782.414,1094.52,0.00133657,0.00190035,100,582.5242718446602,33,1,8,83.4055,38.8182,10^-10.2556,,,,,"[293386, 1392, 98228, 1471, 2748178, 2762217, 1428, 1396]",2
293386,1,1386,Bacillus stratosphericus,"",bacteria,false,2294792.5860547223,100,,,,,,,,,,,,,100,229.4792586054722,13,1,8,75.0292,47.1538,10^-10.7878,,,,,,0
1392,1,1386,Bacillus anthracis,"",bacteria,false,1941747.5728155342,100,,,,,,,,,,,,,100,194.1747572815534,11,,,86.9909,35.8182,10^-10.8199,,,,,,1
98228,1,1386,Bacillus sp. OxB-1,"",bacteria,false,1059135.039717564,100,,,,,,,,,,,,,100,105.9135039717564,6,,,98.7167,26.0,10^-8.39199,,,,,,0
1471,1,1386,Bacillus methanolicus,"",bacteria,false,353045.013239188,100,,,,,,,,,,,,,100,35.3045013239188,2,,,74.3,35.0,10^-7.53165,,,,,,0
2748178,1,1386,Bacillus sp. A116_S68,"",bacteria,false,349514.5631067961,100,100,35.3045013239188,2,,,98.969,97.0,10^-52.2805,,,,,,,,,,,,,,,,,,0
2762217,1,1386,Bacillus norwichensis,"",bacteria,false,176522.506619594,100,,,,,,,,,,,,,100,17.6522506619594,1,,,79.2,48.0,10^-13.757,,,,,,0
1428,1,1386,Bacillus thuringiensis,"",bacteria,false,174757.28155339806,100,100,17.6522506619594,1,,,97.26,146.0,10^-81.6089,,,,,,,,,,,,,,,,,,0
1396,1,1386,Bacillus cereus,"",bacteria,false,105842.27693871943,60.565302914933895,60.565302914933895,17.6522506619594,1,,,97.26,146.0,10^-81.6089,454.545,1016.39,0.00052356,0.00117072,,,,,,,,,,,,,,1
662,2,662,Vibrio,"",bacteria,false,2076116.504854369,99,,,,,,,,,,,,,99,211.8270079435128,12,,,94.8417,30.1667,10^-9.8918,909.091,2032.79,0.00104712,0.00234143,[670],1
670,1,662,Vibrio parahaemolyticus,"",bacteria,false,2076116.504854369,99,,,,,,,,,,,,,99,211.8270079435128,12,,,94.8417,30.1667,10^-9.8918,227.273,508.197,0.00026178,0.000585358,,1
572511,2,572511,Blautia,"",bacteria,false,1765225.0661959401,100,100,176.522506619594,10,,,99.4736,91.4,10^-49.2979,,,,,100,141.2180052956752,8,,,89.825,27.0,10^-7.77387,,,,,"[40520, 418240, 765821, 2860051, 1737424, 89014]",0
40520,1,572511,Blautia obeum,"",bacteria,false,1765225.0661959401,100,100,35.3045013239188,2,,,100.0,83.0,10^-44.114,,,,,100,141.2180052956752,8,,,89.825,27.0,10^-7.77387,,,,,,0
418240,1,572511,Blautia wexlerae,"",bacteria,false,529567.519858782,100,100,52.9567519858782,3,,,98.2453,73.0,10^-35.4788,,,,,,,,,,,,,,,,,,0
765821,1,572511,uncultured Blautia sp.,"",bacteria,false,353045.013239188,100,100,35.3045013239188,2,,,100.0,118.0,10^-67.9776,,,,,,,,,,,,,,,,,,0
2860051,1,572511,Blautia sp. KLE_1732_HM_1032,"",bacteria,false,176522.506619594,100,100,17.6522506619594,1,,,100.0,113.0,10^-64.5655,,,,,,,,,,,,,,,,,,0
1737424,1,572511,Blautia massiliensis (ex Durand et al. 2017),"",bacteria,false,176522.506619594,100,100,17.6522506619594,1,,,100.0,113.0,10^-64.5655,,,,,,,,,,,,,,,,,,0
89014,1,572511,Blautia luti,"",bacteria,false,176522.506619594,100,100,17.6522506619594,1,,,100.0,67.0,10^-33.228,,,,,,,,,,,,,,,,,,0
102106,2,102106,Collinsella,"",bacteria,false,1765225.06619594,100,100,70.6090026478376,4,,,100.0,76.5,10^-39.6951,,,,,100,105.9135039717564,6,,,92.6667,30.1667,10^-9.03644,,,,,[74426],0
74426,1,102106,Collinsella aerofaciens,"",bacteria,false,1765225.06619594,100,100,70.6090026478376,4,,,100.0,76.5,10^-39.6951,,,,,100,105.9135039717564,6,,,92.6667,30.1667,10^-9.03644,,,,,,0
84111,2,84111,Eggerthella,"",bacteria,false,1765225.06619594,100,100,176.522506619594,10,,,99.0566,98.6,10^-53.2546,,,,,,,,,,,,,,,,,[84112],0
84112,1,84111,Eggerthella lenta,"",bacteria,false,1765225.06619594,100,100,176.522506619594,10,,,99.0566,98.6,10^-53.2546,,,,,,,,,,,,,,,,,,0
2893057,2,2893057,Shouchella,"",bacteria,false,1412180.052956752,100,100,141.2180052956752,8,1,8,93.182,132.0,10^-47.4622,,,,,,,,,,,,,,,,,[2598861],0
2598861,1,2893057,Shouchella miscanthi,"",bacteria,false,1412180.052956752,100,100,141.2180052956752,8,1,8,93.182,132.0,10^-47.4622,,,,,,,,,,,,,,,,,,0
33042,2,33042,Coprococcus,"",bacteria,false,1412180.052956752,100,100,70.6090026478376,4,,,99.0655,85.5,10^-44.4584,,,,,100,70.6090026478376,4,,,100.0,24.0,10^-9.18313,,,,,[116085],0
116085,1,33042,Coprococcus catus,"",bacteria,false,1412180.052956752,100,100,70.6090026478376,4,,,99.0655,85.5,10^-44.4584,,,,,100,70.6090026478376,4,,,100.0,24.0,10^-9.18313,,,,,,0
2747,2,2747,Carnobacterium,"",bacteria,false,1412180.052956752,100,100,141.2180052956752,8,,,99.4945,107.0,10^-59.7876,,,,,,,,,,,,,,,,,[2751],0
2751,1,2747,Carnobacterium maltaromaticum,"",bacteria,false,1412180.052956752,100,100,141.2180052956752,8,,,99.4945,107.0,10^-59.7876,,,,,,,,,,,,,,,,,,0
816,2,816,Bacteroides,"",bacteria,false,1412180.052956752,100,100,176.522506619594,10,,,99.2598,100.6,10^-55.0206,,,,,100,211.8270079435128,12,,,92.1,33.1667,10^-11.0152,,,,,"[817, 28111, 47678, 28116, 820]",0
817,1,816,Bacteroides fragilis,"",bacteria,false,1412180.052956752,100,100,105.9135039717564,6,,,98.8845,93.3333,10^-49.5578,,,,,100,35.3045013239188,2,,,97.0,33.0,10^-14.063,,,,,,0
28111,1,816,Bacteroides eggerthii,"",bacteria,false,1059135.039717564,100,,,,,,,,,,,,,100,105.9135039717564,6,,,85.2,31.0,10^-8.07112,,,,,,0
47678,1,816,Bacteroides caccae,"",bacteria,false,706090.026478376,100,100,35.3045013239188,2,,,99.6455,141.0,10^-82.9964,,,,,100,35.3045013239188,2,,,100.0,46.0,10^-20.4295,,,,,,0
28116,1,816,Bacteroides ovatus,"",bacteria,false,353045.013239188,100,100,35.3045013239188,2,,,100.0,82.0,10^-43.433,,,,,,,,,,,,,,,,,,0
820,1,816,Bacteroides uniformis,"",bacteria,false,353045.013239188,100,,,,,,,,,,,,,100,35.3045013239188,2,,,100.0,27.0,10^-7.3851,,,,,,0
-200216572,2,-200216572,non-genus-specific reads in family Oscillospiraceae,,bacteria,false,1412180.052956752,100,100,158.8702559576346,9,,,98.7871,147.667,10^-77.3695,,,,,99,35.3045013239188,2,,,82.1,28.0,10^-6.74715,163.934,366.569,0.000406504,0.000908971,"[2485925, 1535, 2799560]",0
2485925,1,-200216572,Oscillospiraceae bacterium,"",bacteria,false,1412180.052956752,100,100,141.2180052956752,8,,,98.6355,159.5,10^-84.0753,,,,,,,,,,,,,,,,,,0
1535,1,-200216572,[Clostridium] leptum,"",bacteria,false,346019.41747572814,99,,,,,,,,,,,,,99,35.3045013239188,2,,,82.1,28.0,10^-6.74715,163.934,366.569,0.000406504,0.000908971,,0
2799560,1,-200216572,Ruminococcaceae bacterium BL-4,"",bacteria,false,176522.506619594,100,100,17.6522506619594,1,,,100.0,53.0,10^-23.7232,,,,,,,,,,,,,,,,,,0
1637,2,1637,Listeria,"",bacteria,false,1223300.9708737864,99,,,,,,,,,,,,,99,211.8270079435128,12,,,90.0417,29.9167,10^-9.07499,327.869,733.137,0.000813008,0.00181794,"[1639, 1641]",1
1639,1,1637,Listeria monocytogenes,"",bacteria,false,1223300.9708737864,100,,,,,,,,,,,,,100,123.5657546337158,7,,,92.9714,28.8571,10^-9.09488,,,,,,1
1641,1,1637,Listeria grayi,"",bacteria,false,873786.4077669902,100,,,,,,,,,,,,,100,88.261253309797,5,,,85.94,31.4,10^-9.04714,,,,,,0
2837506,2,2837506,Niallia,"",bacteria,false,1059135.039717564,100,100,105.9135039717564,6,,,96.0653,117.333,10^-61.1204,,,,,,,,,,,,,,,,,[1397],0
1397,1,2837506,Niallia circulans,"",bacteria,false,1059135.039717564,100,100,105.9135039717564,6,,,96.0653,117.333,10^-61.1204,,,,,,,,,,,,,,,,,,0
909656,2,909656,Phocaeicola,"",bacteria,false,1059135.039717564,100,100,70.6090026478376,4,,,100.0,107.5,10^-60.8161,,,,,100,35.3045013239188,2,,,100.0,25.0,10^-6.04096,,,,,[821],0
821,1,909656,Phocaeicola vulgatus,"",bacteria,false,1059135.039717564,100,100,70.6090026478376,4,,,100.0,107.5,10^-60.8161,,,,,100,35.3045013239188,2,,,100.0,25.0,10^-6.04096,,,,,,0
216851,2,216851,Faecalibacterium,"",bacteria,false,1052109.443954104,100,99,105.9135039717564,6,,,98.8583,76.6667,10^-38.6684,454.545,1016.39,0.00052356,0.00117072,100,88.261253309797,5,,,91.04,34.4,10^-10.582,,,,,"[853, 2929492, 259315, 2929490, 411483]",0
853,1,216851,Faecalibacterium prausnitzii,"",bacteria,false,1052109.443954104,100,99,35.3045013239188,2,,,100.0,98.0,10^-54.3346,227.273,508.197,0.00026178,0.000585358,100,70.6090026478376,4,,,88.8,35.0,10^-9.9945,,,,,,0
2929492,1,216851,Faecalibacterium sp. I3-3-33,"",bacteria,false,349514.5631067961,100,100,35.3045013239188,2,,,96.575,73.0,10^-33.8769,,,,,,,,,,,,,,,,,,0
259315,1,216851,uncultured Faecalibacterium sp.,"",bacteria,false,176522.506619594,100,,,,,,,,,,,,,100,17.6522506619594,1,,,100.0,32.0,10^-12.9318,,,,,,0
2929490,1,216851,Faecalibacterium sp. I2-3-92,"",bacteria,false,174757.28155339806,100,100,17.6522506619594,1,,,100.0,59.0,10^-27.7937,,,,,,,,,,,,,,,,,,0
411483,1,216851,Faecalibacterium duncaniae,"",bacteria,false,173009.70873786407,99,99,17.6522506619594,1,,,100.0,59.0,10^-27.7937,227.273,508.197,0.00026178,0.000585358,,,,,,,,,,,,,,0
239759,2,239759,Alistipes,"",bacteria,false,882612.53309797,100,100,123.5657546337158,7,,,97.2197,67.5714,10^-31.0828,,,,,100,35.3045013239188,2,,,100.0,29.0,10^-9.24336,,,,,"[328813, 214856]",0
328813,1,239759,Alistipes onderdonkii,"",bacteria,false,882612.53309797,100,100,88.261253309797,5,,,97.456,59.0,10^-25.8825,,,,,,,,,,,,,,,,,,0
214856,1,239759,Alistipes finegoldii,"",bacteria,false,706090.026478376,100,100,35.3045013239188,2,,,96.629,89.0,10^-44.0837,,,,,100,35.3045013239188,2,,,100.0,29.0,10^-9.24336,,,,,,0
2974251,2,2974251,Segatella,"",bacteria,false,706090.026478376,100,100,35.3045013239188,2,,,91.885,96.0,10^-42.7471,,,,,100,35.3045013239188,2,,,100.0,42.0,10^-22.4949,,,,,[165179],0
165179,1,2974251,Segatella copri,"",bacteria,false,706090.026478376,100,100,35.3045013239188,2,,,91.885,96.0,10^-42.7471,,,,,100,35.3045013239188,2,,,100.0,42.0,10^-22.4949,,,,,,0
2800373,2,2800373,Priestia,"",bacteria,false,706090.026478376,100,100,70.6090026478376,4,,,96.9695,55.0,10^-22.3436,,,,,,,,,,,,,,,,,[1404],0
1404,1,2800373,Priestia megaterium,"",bacteria,false,706090.026478376,100,100,70.6090026478376,4,,,96.9695,55.0,10^-22.3436,,,,,,,,,,,,,,,,,,0
2761542,2,2761542,Fundicoccus,"",bacteria,false,706090.026478376,100,100,17.6522506619594,1,,,82.576,132.0,10^-45.971,,,,,100,105.9135039717564,6,,,86.6,34.6667,10^-9.82918,,,,,"[2664442, 2969821]",0
2664442,1,2761542,Fundicoccus ignavus,"",bacteria,false,706090.026478376,100,,,,,,,,,,,,,100,70.6090026478376,4,,,92.75,34.5,10^-10.2905,,,,,,0
2969821,1,2761542,Fundicoccus culcitae,"",bacteria,false,529567.519858782,100,100,17.6522506619594,1,,,82.576,132.0,10^-45.971,,,,,100,35.3045013239188,2,,,74.3,35.0,10^-8.90658,,,,,,0
283168,2,283168,Odoribacter,"",bacteria,false,706090.026478376,100,100,35.3045013239188,2,,,100.0,99.0,10^-55.0164,,,,,100,35.3045013239188,2,,,100.0,32.0,10^-9.73049,,,,,[28118],0
28118,1,283168,Odoribacter splanchnicus,"",bacteria,false,706090.026478376,100,100,35.3045013239188,2,,,100.0,99.0,10^-55.0164,,,,,100,35.3045013239188,2,,,100.0,32.0,10^-9.73049,,,,,,0
100883,2,100883,Coprobacillus,"",bacteria,false,706090.026478376,100,,,,,,,,,,,,,100,70.6090026478376,4,,,94.25,34.0,10^-14.187,,,,,[450746],0
450746,1,100883,Coprobacillus sp. 8_1_38FAA,"",bacteria,false,706090.026478376,100,,,,,,,,,,,,,100,70.6090026478376,4,,,94.25,34.0,10^-14.187,,,,,,0
66831,2,66831,Facklamia,"",bacteria,false,706090.026478376,100,,,,,,,,,,,,,100,211.8270079435128,12,,,85.6417,44.25,10^-16.2362,,,,,"[2973478, 120956, 82347, 2749967]",0
2973478,1,66831,Facklamia sp. 7083-14-GEN3,"",bacteria,false,706090.026478376,100,,,,,,,,,,,,,100,70.6090026478376,4,,,80.65,46.5,10^-17.527,,,,,,0
120956,1,66831,Facklamia miroungae,"",bacteria,false,529567.519858782,100,,,,,,,,,,,,,100,52.9567519858782,3,,,90.3,37.3333,10^-11.8687,,,,,,0
82347,1,66831,Facklamia languida,"",bacteria,false,529567.519858782,100,,,,,,,,,,,,,100,52.9567519858782,3,,,85.0,45.6667,10^-17.0997,,,,,,0
2749967,1,66831,Facklamia lactis,"",bacteria,false,353045.013239188,100,,,,,,,,,,,,,100,35.3045013239188,2,,,89.6,48.0,10^-18.9102,,,,,,0
2737,2,2737,Vagococcus,"",bacteria,false,706090.026478376,100,100,70.6090026478376,4,,,90.8627,145.0,10^-68.2313,,,,,,,,,,,,,,,,,[81947],0
81947,1,2737,Vagococcus lutrae,"",bacteria,false,706090.026478376,100,100,70.6090026478376,4,,,90.8627,145.0,10^-68.2313,,,,,,,,,,,,,,,,,,0
1730,2,1730,Eubacterium,"",bacteria,false,706090.026478376,100,,,,,,,,,,,,,100,70.6090026478376,4,,,95.725,41.25,10^-18.6977,,,,,[39496],0
39496,1,1730,Eubacterium ventriosum,"",bacteria,false,706090.026478376,100,,,,,,,,,,,,,100,70.6090026478376,4,,,95.725,41.25,10^-18.6977,,,,,,0
810,2,810,Chlamydia,"",bacteria,false,706090.026478376,100,,,,,,,,,,,,,100,70.6090026478376,4,,,81.15,26.5,10^-4.61103,,,,,[813],1
813,1,810,Chlamydia trachomatis,"",bacteria,false,706090.026478376,100,,,,,,,,,,,,,100,70.6090026478376,4,,,81.15,26.5,10^-4.61103,,,,,,1
-200010841,2,-200010841,non-genus-specific reads in family Microviridae,,viruses,false,706090.026478376,100,100,35.3045013239188,2,,,96.748,123.0,10^-65.9011,,,,,100,35.3045013239188,2,,,95.1,41.0,10^-16.5031,,,,,[2202644],0
2202644,1,-200010841,Microviridae sp.,"",viruses,true,706090.026478376,100,100,35.3045013239188,2,,,96.748,123.0,10^-65.9011,,,,,100,35.3045013239188,2,,,95.1,41.0,10^-16.5031,,,,,,0
-200186828,2,-200186828,non-genus-specific reads in family Carnobacteriaceae,,bacteria,false,706090.026478376,100,100,70.6090026478376,4,,,97.1515,70.5,10^-32.8637,,,,,,,,,,,,,,,,,[2821731],0
2821731,1,-200186828,Carnobacteriaceae bacterium zg-C25,"",bacteria,false,706090.026478376,100,100,70.6090026478376,4,,,97.1515,70.5,10^-32.8637,,,,,,,,,,,,,,,,,,0
1485,2,1485,Clostridium,"",bacteria,false,699029.1262135922,100,100,52.9567519858782,3,,,89.1027,103.0,10^-39.0112,,,,,99,229.4792586054722,13,,,89.7385,32.3846,10^-11.7277,438.122,712.669,0.00119324,0.00180415,"[2292204, 411484, 411489, 1491, 332101, 1509, 1502, 223919]",2
2292204,1,1485,Clostridium sp. AF19-22AC,"",bacteria,false,699029.1262135922,100,,,,,,,,,,,,,100,70.6090026478376,4,,,88.7,36.0,10^-13.9539,,,,,,0
411484,1,1485,Clostridium sp. SS2/1,"",bacteria,false,699029.1262135922,100,,,,,,,,,,,,,100,70.6090026478376,4,,,96.9,29.5,10^-12.8873,,,,,,0
411489,1,1485,Clostridium sp. L2-50,"",bacteria,false,349514.5631067961,100,,,,,,,,,,,,,100,35.3045013239188,2,,,100.0,26.5,10^-10.8416,,,,,,0
1491,1,1485,Clostridium botulinum,"",bacteria,false,346019.41747572814,99,,,,,,,,,,,,,99,35.3045013239188,2,,,69.45,36.0,10^-6.53935,274.188,387.254,0.000786732,0.00107828,,1
332101,1,1485,Clostridium drakei,"",bacteria,false,176522.506619594,100,100,17.6522506619594,1,,,81.343,134.0,10^-44.5921,,,,,,,,,,,,,,,,,,0
1509,1,1485,Clostridium sporogenes,"",bacteria,false,176522.506619594,100,100,17.6522506619594,1,,,100.0,61.0,10^-29.1516,,,,,,,,,,,,,,,,,,0
1502,1,1485,Clostridium perfringens,"",bacteria,false,176522.506619594,100,100,17.6522506619594,1,,,85.965,114.0,10^-43.29,,,,,,,,,,,,,,,,,,1
223919,1,1485,Clostridium diolis,"",bacteria,false,174757.28155339806,100,,,,,,,,,,,,,100,17.6522506619594,1,,,85.3,34.0,10^-10.3335,,,,,,0
44249,2,44249,Paenibacillus,"",bacteria,false,692038.8349514563,99,,,,,,,,,,,,,99,70.6090026478376,4,,,92.4,26.5,10^-7.25016,110.254,246.535,0.000380228,0.000850216,[483908],0
483908,1,44249,Paenibacillus sp. P22,"",bacteria,false,692038.8349514563,99,,,,,,,,,,,,,99,70.6090026478376,4,,,92.4,26.5,10^-7.25016,110.254,246.535,0.000380228,0.000850216,,0
2862142,2,2862142,Falseniella,"",bacteria,false,529567.519858782,100,,,,,,,,,,,,,100,52.9567519858782,3,,,78.3667,42.0,10^-15.1262,,,,,[137730],0
137730,1,2862142,Falseniella ignava,"",bacteria,false,529567.519858782,100,,,,,,,,,,,,,100,52.9567519858782,3,,,78.3667,42.0,10^-15.1262,,,,,,0
2767887,2,2767887,Ligilactobacillus,"",bacteria,false,529567.519858782,100,-100,0.0,0,,,0,0,10^0,327.869,733.137,0.000813008,0.00181794,100,52.9567519858782,3,,,94.6,18.6667,10^-3.73908,,,,,[1808352],0
1808352,1,2767887,Ligilactobacillus salitolerans,"",bacteria,false,529567.519858782,100,,,,,,,,,,,,,100,52.9567519858782,3,,,94.6,18.6667,10^-3.73908,,,,,,0
2675229,2,2675229,Peribacillus,"",bacteria,false,529567.519858782,100,100,70.6090026478376,4,,,98.969,94.5,10^-50.5765,,,,,,,,,,,,,,,,,"[450367, 1478]",0
450367,1,2675229,Peribacillus frigoritolerans,"",bacteria,false,529567.519858782,100,100,52.9567519858782,3,,,98.969,93.6667,10^-50.0085,,,,,,,,,,,,,,,,,,0
1478,1,2675229,Peribacillus simplex,"",bacteria,false,176522.506619594,100,100,17.6522506619594,1,,,98.969,97.0,10^-52.2805,,,,,,,,,,,,,,,,,,0
305976,2,305976,Pusillimonas,"",bacteria,false,529567.519858782,100,,,,,,,,,,,,,100,52.9567519858782,3,,,90.9667,47.3333,10^-21.464,,,,,[1548123],0
1548123,1,305976,Pusillimonas sp. T2,"",bacteria,false,529567.519858782,100,,,,,,,,,,,,,100,52.9567519858782,3,,,90.9667,47.3333,10^-21.464,,,,,,0
114627,2,114627,Alkaliphilus,"",bacteria,false,529567.519858782,100,100,52.9567519858782,3,,,88.514,109.667,10^-44.9099,,,,,,,,,,,,,,,,,[208226],0
208226,1,114627,Alkaliphilus metalliredigens,"",bacteria,false,529567.519858782,100,100,52.9567519858782,3,,,88.514,109.667,10^-44.9099,,,,,,,,,,,,,,,,,,0
36086,2,36086,Trichuris,"",eukaryota,false,529567.519858782,100,,,,,,,,,,,,,100,52.9567519858782,3,,,96.9,33.3333,10^-12.49,,,,,[36087],1
36087,1,36086,Trichuris trichiura,human whipworm,eukaryota,false,529567.519858782,100,,,,,,,,,,,,,100,52.9567519858782,3,,,96.9,33.3333,10^-12.49,,,,,,1
-200186827,2,-200186827,non-genus-specific reads in family Aerococcaceae,,bacteria,false,529567.519858782,100,,,,,,,,,,,,,100,52.9567519858782,3,,,86.6333,47.3333,10^-18.0648,,,,,[2749965],0
2749965,1,-200186827,Aerococcaceae bacterium DSM 111020,"",bacteria,false,529567.519858782,100,,,,,,,,,,,,,100,52.9567519858782,3,,,86.6333,47.3333,10^-18.0648,,,,,,0
2759736,2,2759736,Lacticaseibacillus,"",bacteria,false,413775.81720449263,78.13466681544836,,,,,,,,,,,,,78.13466681544836,52.9567519858782,3,,,82.5667,28.6667,10^-7.5368,491.803,1099.71,0.00121951,0.00272691,[1597],0
1597,1,2759736,Lacticaseibacillus paracasei,"",bacteria,false,413775.81720449263,100,,,,,,,,,,,,,100,52.9567519858782,3,,,82.5667,28.6667,10^-7.5368,,,,,,0
3076670,2,3076670,Claveliimonas,"",bacteria,false,353045.013239188,100,100,35.3045013239188,2,,,100.0,82.0,10^-43.433,,,,,,,,,,,,,,,,,[3028070],0
3028070,1,3076670,Claveliimonas bilis,"",bacteria,false,353045.013239188,100,100,35.3045013239188,2,,,100.0,82.0,10^-43.433,,,,,,,,,,,,,,,,,,0
2893055,2,2893055,Halalkalibacterium (ex Joshi et al. 2022),"",bacteria,false,353045.013239188,100,100,35.3045013239188,2,,,94.382,89.0,10^-41.3389,,,,,,,,,,,,,,,,,[86665],0
86665,1,2893055,Halalkalibacterium halodurans,"",bacteria,false,353045.013239188,100,100,35.3045013239188,2,,,94.382,89.0,10^-41.3389,,,,,,,,,,,,,,,,,,0
2892396,2,2892396,Vescimonas,"",bacteria,false,353045.013239188,100,100,35.3045013239188,2,,,97.959,98.0,10^-51.5899,,,,,,,,,,,,,,,,,[2714355],0
2714355,1,2892396,Vescimonas coprocola,"",bacteria,false,353045.013239188,100,100,35.3045013239188,2,,,97.959,98.0,10^-51.5899,,,,,,,,,,,,,,,,,,0
2837504,2,2837504,Heyndrickxia,"",bacteria,false,353045.013239188,100,,,,,,,,,,,,,100,35.3045013239188,2,,,94.5,36.5,10^-14.8308,,,,,[46224],0
46224,1,2837504,Heyndrickxia sporothermodurans,"",bacteria,false,353045.013239188,100,,,,,,,,,,,,,100,35.3045013239188,2,,,94.5,36.5,10^-14.8308,,,,,,0
2828348,2,2828348,Occultella,"",bacteria,false,353045.013239188,100,100,35.3045013239188,2,,,88.525,61.0,10^-19.545,,,,,,,,,,,,,,,,,[2675754],0
2675754,1,2828348,Occultella kanbiaonis,"",bacteria,false,353045.013239188,100,100,35.3045013239188,2,,,88.525,61.0,10^-19.545,,,,,,,,,,,,,,,,,,0
2719313,2,2719313,Enterocloster,"",bacteria,false,353045.013239188,100,100,35.3045013239188,2,,,97.143,105.0,10^-54.9908,,,,,,,,,,,,,,,,,[333367],0
333367,1,2719313,Enterocloster asparagiformis,"",bacteria,false,353045.013239188,100,100,35.3045013239188,2,,,97.143,105.0,10^-54.9908,,,,,,,,,,,,,,,,,,0
2689587,2,2689587,Suicoccus,"",bacteria,false,353045.013239188,100,100,35.3045013239188,2,,,89.338,136.0,10^-60.368,,,,,,,,,,,,,,,,,[2036206],0
2036206,1,2689587,Suicoccus acidiformans,"",bacteria,false,353045.013239188,100,100,35.3045013239188,2,,,89.338,136.0,10^-60.368,,,,,,,,,,,,,,,,,,0
2569097,2,2569097,Anaerobutyricum,"",bacteria,false,353045.013239188,100,100,35.3045013239188,2,,,100.0,115.0,10^-65.9303,,,,,,,,,,,,,,,,,[39488],0
39488,1,2569097,Anaerobutyricum hallii,"",bacteria,false,353045.013239188,100,100,35.3045013239188,2,,,100.0,115.0,10^-65.9303,,,,,,,,,,,,,,,,,,0
2060094,2,2060094,Aminipila,"",bacteria,false,353045.013239188,100,100,35.3045013239188,2,,,93.333,45.0,10^-14.1877,,,,,,,,,,,,,,,,,[433296],0
433296,1,2060094,Aminipila butyrica,"",bacteria,false,353045.013239188,100,100,35.3045013239188,2,,,93.333,45.0,10^-14.1877,,,,,,,,,,,,,,,,,,0
1918536,2,1918536,Longicatena,"",bacteria,false,353045.013239188,100,100,35.3045013239188,2,,,96.117,103.0,10^-52.2544,,,,,,,,,,,,,,,,,[1796635],0
1796635,1,1918536,Longicatena caecimuris,"",bacteria,false,353045.013239188,100,100,35.3045013239188,2,,,96.117,103.0,10^-52.2544,,,,,,,,,,,,,,,,,,0
1870884,2,1870884,Clostridioides,"",bacteria,false,353045.013239188,100,,,,,,,,,,,,,100,35.3045013239188,2,,,98.75,40.0,10^-18.9399,,,,,[1496],1
1496,1,1870884,Clostridioides difficile,"",bacteria,false,353045.013239188,100,,,,,,,,,,,,,100,35.3045013239188,2,,,98.75,40.0,10^-18.9399,,,,,,1
1729679,2,1729679,Faecalibaculum,"",bacteria,false,353045.013239188,100,100,35.3045013239188,2,,,92.727,55.0,10^-19.59,,,,,,,,,,,,,,,,,[1729681],0
1729681,1,1729679,uncultured Faecalibaculum sp.,"",bacteria,false,353045.013239188,100,100,35.3045013239188,2,,,92.727,55.0,10^-19.59,,,,,,,,,,,,,,,,,,0
1573535,2,1573535,Holdemanella,"",bacteria,false,353045.013239188,100,,,,,,,,,,,,,100,35.3045013239188,2,,,95.7,23.0,10^-5.10679,,,,,[1735],0
1735,1,1573535,Holdemanella biformis,"",bacteria,false,353045.013239188,100,,,,,,,,,,,,,100,35.3045013239188,2,,,95.7,23.0,10^-5.10679,,,,,,0
1506553,2,1506553,Lachnoclostridium,"",bacteria,false,353045.013239188,100,100,35.3045013239188,2,,,100.0,48.0,10^-20.3353,,,,,,,,,,,,,,,,,[29347],0
29347,1,1506553,[Clostridium] scindens,"",bacteria,false,353045.013239188,100,100,35.3045013239188,2,,,100.0,48.0,10^-20.3353,,,,,,,,,,,,,,,,,,0
1505657,2,1505657,Intestinibacter,"",bacteria,false,353045.013239188,100,,,,,,,,,,,,,100,35.3045013239188,2,,,87.9,33.0,10^-9.20482,,,,,[261299],0
261299,1,1505657,Intestinibacter bartlettii,"",bacteria,false,353045.013239188,100,,,,,,,,,,,,,100,35.3045013239188,2,,,87.9,33.0,10^-9.20482,,,,,,0
1470540,2,1470540,Jeotgalibaca,"",bacteria,false,353045.013239188,100,100,35.3045013239188,2,,,86.5385,97.5,10^-34.8061,,,,,,,,,,,,,,,,,[2496265],0
2496265,1,1470540,Jeotgalibaca ciconiae,"",bacteria,false,353045.013239188,100,100,35.3045013239188,2,,,86.5385,97.5,10^-34.8061,,,,,,,,,,,,,,,,,,0
400634,2,400634,Lysinibacillus,"",bacteria,false,353045.013239188,100,100,35.3045013239188,2,,,88.525,61.0,10^-19.545,,,,,100,17.6522506619594,1,,,77.1,48.0,10^-16.6126,,,,,"[2792480, 2081964]",0
2792480,1,400634,Lysinibacillus sp. JNUCC-52,"",bacteria,false,353045.013239188,100,100,35.3045013239188,2,,,88.525,61.0,10^-19.545,,,,,,,,,,,,,,,,,,0
2081964,1,400634,Lysinibacillus sp. B2A1,"",bacteria,false,176522.506619594,100,,,,,,,,,,,,,100,17.6522506619594,1,,,77.1,48.0,10^-16.6126,,,,,,0
375288,2,375288,Parabacteroides,"",bacteria,false,353045.013239188,100,100,35.3045013239188,2,,,99.565,115.0,10^-65.2441,,,,,100,35.3045013239188,2,,,84.6,39.0,10^-11.3401,,,,,"[46503, 823]",0
46503,1,375288,Parabacteroides merdae,"",bacteria,false,353045.013239188,100,,,,,,,,,,,,,100,35.3045013239188,2,,,84.6,39.0,10^-11.3401,,,,,,0
823,1,375288,Parabacteroides distasonis,"",bacteria,false,353045.013239188,100,100,35.3045013239188,2,,,99.565,115.0,10^-65.2441,,,,,,,,,,,,,,,,,,0
244127,2,244127,Anaerotruncus,"",bacteria,false,353045.013239188,100,100,52.9567519858782,3,,,98.4587,72.3333,10^-35.5039,,,,,,,,,,,,,,,,,"[1872531, 169435]",0
1872531,1,244127,Anaerotruncus sp.,"",bacteria,false,353045.013239188,100,100,35.3045013239188,2,,,98.851,87.0,10^-45.4659,,,,,,,,,,,,,,,,,,0
169435,1,244127,Anaerotruncus colihominis,"",bacteria,false,176522.506619594,100,100,17.6522506619594,1,,,97.674,43.0,10^-15.5798,,,,,,,,,,,,,,,,,,0
204475,2,204475,Gemmiger,"",bacteria,false,353045.013239188,100,,,,,,,,,,,,,100,35.3045013239188,2,,,97.701,87.0,10^-28.1308,,,,,[745368],0
745368,1,204475,Gemmiger formicilis,"",bacteria,false,353045.013239188,100,,,,,,,,,,,,,100,35.3045013239188,2,,,97.701,87.0,10^-28.1308,,,,,,0
160795,2,160795,Ureibacillus,"",bacteria,false,353045.013239188,100,,,,,,,,,,,,,100,35.3045013239188,2,,,81.6,38.0,10^-9.98716,,,,,[561440],0
561440,1,160795,Ureibacillus sinduriensis,"",bacteria,false,353045.013239188,100,,,,,,,,,,,,,100,35.3045013239188,2,,,81.6,38.0,10^-9.98716,,,,,,0
129337,2,129337,Geobacillus,"",bacteria,false,353045.013239188,100,,,,,,,,,,,,,100,35.3045013239188,2,,,93.8,48.0,10^-24.2109,,,,,[1547578],0
1547578,1,129337,Geobacillus sp. BCO2,"",bacteria,false,353045.013239188,100,,,,,,,,,,,,,100,35.3045013239188,2,,,93.8,48.0,10^-24.2109,,,,,,0
117563,2,117563,Granulicatella,"",bacteria,false,353045.013239188,100,,,,,,,,,,,,,100,35.3045013239188,2,,,46.8,47.0,10^-5.46687,,,,,[137732],0
137732,1,117563,Granulicatella elegans,"",bacteria,false,353045.013239188,100,,,,,,,,,,,,,100,35.3045013239188,2,,,46.8,47.0,10^-5.46687,,,,,,0
53246,2,53246,Pseudoalteromonas,"",bacteria,false,353045.013239188,100,,,,,,,,,,,,,100,35.3045013239188,2,,,61.017,59.0,10^-15.6478,,,,,[2066515],0
2066515,1,53246,Pseudoalteromonas sp. S558,"",bacteria,false,353045.013239188,100,,,,,,,,,,,,,100,35.3045013239188,2,,,61.017,59.0,10^-15.6478,,,,,,0
33024,2,33024,Phascolarctobacterium,"",bacteria,false,353045.013239188,100,,,,,,,,,,,,,100,35.3045013239188,2,,,64.1,39.0,10^-7.12205,,,,,[33025],0
33025,1,33024,Phascolarctobacterium faecium,"",bacteria,false,353045.013239188,100,,,,,,,,,,,,,100,35.3045013239188,2,,,64.1,39.0,10^-7.12205,,,,,,0
29465,2,29465,Veillonella,"",bacteria,false,353045.013239188,100,100,35.3045013239188,2,,,98.0,100.0,10^-52.9535,,,,,-100,0.0,0,,,0,0,10^0,3846.15,8600.26,0.02,0.0447214,[423477],0
423477,1,29465,Veillonella rogosae,"",bacteria,false,353045.013239188,100,100,35.3045013239188,2,,,98.0,100.0,10^-52.9535,,,,,,,,,,,,,,,,,,0
13075,2,13075,Globicatella,"",bacteria,false,353045.013239188,100,,,,,,,,,,,,,100,35.3045013239188,2,,,90.0,40.0,10^-12.0097,,,,,[136093],0
136093,1,13075,Globicatella sulfidifaciens,"",bacteria,false,353045.013239188,100,,,,,,,,,,,,,100,35.3045013239188,2,,,90.0,40.0,10^-12.0097,,,,,,0
1865,2,1865,Actinoplanes,"",bacteria,false,353045.013239188,100,,,,,,,,,,,,,100,35.3045013239188,2,,,100.0,19.0,10^-4.42136,,,,,[113559],0
113559,1,1865,Actinoplanes campanulatus,"",bacteria,false,353045.013239188,100,,,,,,,,,,,,,100,35.3045013239188,2,,,100.0,19.0,10^-4.42136,,,,,,0
1263,2,1263,Ruminococcus,"",bacteria,false,353045.013239188,100,,,,,,,,,,,,,100,35.3045013239188,2,,,100.0,37.5,10^-20.4782,,,,,[2293162],0
2293162,1,1263,Ruminococcus sp. AF24-16,"",bacteria,false,353045.013239188,100,,,,,,,,,,,,,100,35.3045013239188,2,,,100.0,37.5,10^-20.4782,,,,,,0
157,2,157,Treponema,"",bacteria,false,353045.013239188,100,,,,,,,,,,,,,100,35.3045013239188,2,,,100.0,41.0,10^-17.2684,,,,,[225004],0
225004,1,157,Treponema berlinense,"",bacteria,false,353045.013239188,100,,,,,,,,,,,,,100,35.3045013239188,2,,,100.0,41.0,10^-17.2684,,,,,,0
-200011012,2,-200011012,non-genus-specific reads in family Partitiviridae,,viruses,false,353045.013239188,100,,,,,,,,,,,,,100,35.3045013239188,2,,,54.878,82.0,10^-25.7852,,,,,[1955170],0
1955170,1,-200011012,Partitiviridae sp.,"",viruses,false,353045.013239188,100,,,,,,,,,,,,,100,35.3045013239188,2,,,54.878,82.0,10^-25.7852,,,,,,0
-200031953,2,-200031953,non-genus-specific reads in family Bifidobacteriaceae,,bacteria,false,353045.013239188,100,,,,,,,,,,,,,100,105.9135039717564,6,,,90.8667,31.3333,10^-11.8798,,,,,"[2569517, 2021363, 2569494, 2569488]",0
2569517,1,-200031953,Bifidobacteriaceae bacterium MCC02035,"",bacteria,false,353045.013239188,100,,,,,,,,,,,,,100,35.3045013239188,2,,,80.6,31.0,10^-5.63827,,,,,,0
2021363,1,-200031953,Bifidobacteriaceae bacterium NR003,"",bacteria,false,353045.013239188,100,,,,,,,,,,,,,100,35.3045013239188,2,,,92.0,25.0,10^-8.90309,,,,,,0
2569494,1,-200031953,Bifidobacteriaceae bacterium MCC01951,"",bacteria,false,176522.506619594,100,,,,,,,,,,,,,100,17.6522506619594,1,,,100.0,38.0,10^-21.098,,,,,,0
2569488,1,-200031953,Bifidobacteriaceae bacterium MCC01943,"",bacteria,false,176522.506619594,100,,,,,,,,,,,,,100,17.6522506619594,1,,,100.0,38.0,10^-21.098,,,,,,0
-200186803,2,-200186803,non-genus-specific reads in family Lachnospiraceae,,bacteria,false,353045.013239188,100,,,,,,,,,,,,,100,35.3045013239188,2,,,96.1,25.5,10^-8.38332,,,,,[658656],0
658656,1,-200186803,Lachnospiraceae bacterium 6_1_37FAA,"",bacteria,false,353045.013239188,100,,,,,,,,,,,,,100,35.3045013239188,2,,,96.1,25.5,10^-8.38332,,,,,,0
-201382930,2,-201382930,non-genus-specific reads in family Ardenticatenaceae,,bacteria,false,353045.013239188,100,,,,,,,,,,,,,100,35.3045013239188,2,,,91.7,24.0,10^-3.64016,,,,,[2614247],0
2614247,1,-201382930,Ardenticatenaceae bacterium,"",bacteria,false,353045.013239188,100,,,,,,,,,,,,,100,35.3045013239188,2,,,91.7,24.0,10^-3.64016,,,,,,0
-202791015,2,-202791015,non-genus-specific reads in family Sphaerochaetaceae,,bacteria,false,353045.013239188,100,,,,,,,,,,,,,100,35.3045013239188,2,,,100.0,21.0,10^-4.32239,,,,,[2791017],0
2791017,1,-202791015,Sphaerochaetaceae bacterium,"",bacteria,false,353045.013239188,100,,,,,,,,,,,,,100,35.3045013239188,2,,,100.0,21.0,10^-4.32239,,,,,,0
-202810280,2,-202810280,non-genus-specific reads in family Coprobacillaceae,,bacteria,false,353045.013239188,100,100,35.3045013239188,2,,,100.0,93.5,10^-51.2951,,,,,,,,,,,,,,,,,[2952955],0
2952955,1,-202810280,Coprobacillaceae bacterium,"",bacteria,false,353045.013239188,100,100,35.3045013239188,2,,,100.0,93.5,10^-51.2951,,,,,,,,,,,,,,,,,,0
1716,2,1716,Corynebacterium,"",bacteria,false,295022.59247793065,83.56514931937384,-100,0.0,0,,,0,0,10^0,384.442,535.834,0.00116696,0.00171606,83.56514931937384,35.3045013239188,2,,,75.0,24.0,10^-3.32148,220.507,493.069,0.000760456,0.00170043,[38303],0
38303,1,1716,Corynebacterium pseudogenitalium,"",bacteria,false,295022.59247793065,100,,,,,,,,,,,,,100,35.3045013239188,2,,,75.0,24.0,10^-3.32148,,,,,,0
50582,2,50582,Ephemera,"",eukaryota,false,259543.27360192192,85.74125742473362,,,,,,,,,,,,,85.74125742473362,35.3045013239188,2,,,68.4,38.0,10^-6.90255,447.78,613.265,0.00102224,0.00165422,[1049336],0
1049336,1,50582,Ephemera danica,"",eukaryota,false,259543.27360192192,85.74125742473362,,,,,,,,,,,,,85.74125742473362,35.3045013239188,2,,,68.4,38.0,10^-6.90255,447.78,613.265,0.00102224,0.00165422,,0
1357,2,1357,Lactococcus,lactic streptococci,bacteria,false,177686.997995795,100,2.758128435849335,70.6090026478376,4,,,99.4455,191.0,10^-102.231,9331.65,16666.4,0.044065,0.0876135,100,17.6522506619594,1,,,93.1,29.0,10^-9.53462,,,,,[1363],0
1363,1,1357,Lactococcus garvieae,"",bacteria,false,177686.997995795,100,5.979456540561142,70.6090026478376,4,,,99.4455,191.0,10^-102.231,4174.02,8446.86,0.020813,0.0443019,100,17.6522506619594,1,,,93.1,29.0,10^-9.53462,,,,,,0
2834348,2,2834348,Caproicibacterium,"",bacteria,false,176522.506619594,100,100,17.6522506619594,1,,,100.0,53.0,10^-23.7232,,,,,,,,,,,,,,,,,[2994078],0
2994078,1,2834348,Caproicibacterium sp. BJN0003,"",bacteria,false,176522.506619594,100,100,17.6522506619594,1,,,100.0,53.0,10^-23.7232,,,,,,,,,,,,,,,,,,0
2742598,2,2742598,Limosilactobacillus,"",bacteria,false,176522.506619594,100,100,17.6522506619594,1,,,88.571,70.0,10^-24.2886,,,,,-100,0.0,0,,,0,0,10^0,274.188,387.254,0.000786732,0.00107828,[1613],0
1613,1,2742598,Limosilactobacillus fermentum,"",bacteria,false,176522.506619594,100,100,17.6522506619594,1,,,88.571,70.0,10^-24.2886,,,,,-100,0.0,0,,,0,0,10^0,110.254,246.535,0.000380228,0.000850216,,0
2692382,2,2692382,Gudongella,"",bacteria,false,176522.506619594,100,100,17.6522506619594,1,,,79.412,136.0,10^-41.841,,,,,,,,,,,,,,,,,[1582259],0
1582259,1,2692382,Gudongella oleilytica,"",bacteria,false,176522.506619594,100,100,17.6522506619594,1,,,79.412,136.0,10^-41.841,,,,,,,,,,,,,,,,,,0
2005359,2,2005359,Faecalicatena,"",bacteria,false,176522.506619594,100,100,17.6522506619594,1,,,100.0,91.0,10^-49.5635,,,,,,,,,,,,,,,,,[2823316],0
2823316,1,2005359,Faecalicatena sp. Marseille-Q4148,"",bacteria,false,176522.506619594,100,100,17.6522506619594,1,,,100.0,91.0,10^-49.5635,,,,,,,,,,,,,,,,,,0
1766253,2,1766253,Agathobacter,"",bacteria,false,176522.506619594,100,,,,,,,,,,,,,100,17.6522506619594,1,,,95.0,20.0,10^-3.74958,,,,,[39491],0
39491,1,1766253,Agathobacter rectalis,"",bacteria,false,176522.506619594,100,,,,,,,,,,,,,100,17.6522506619594,1,,,95.0,20.0,10^-3.74958,,,,,,0
182709,2,182709,Oceanobacillus,"",bacteria,false,176522.506619594,100,,,,,,,,,,,,,100,17.6522506619594,1,,,83.3,48.0,10^-15.9245,,,,,[930130],0
930130,1,182709,Oceanobacillus halophilus,"",bacteria,false,176522.506619594,100,,,,,,,,,,,,,100,17.6522506619594,1,,,83.3,48.0,10^-15.9245,,,,,,0
84406,2,84406,Virgibacillus,"",bacteria,false,176522.506619594,100,,,,,,,,,,,,,100,17.6522506619594,1,,,87.0,23.0,10^-3.00922,,,,,[2024555],0
2024555,1,84406,Virgibacillus profundi,"",bacteria,false,176522.506619594,100,,,,,,,,,,,,,100,17.6522506619594,1,,,87.0,23.0,10^-3.00922,,,,,,0
13134,2,13134,Magnetospirillum,"",bacteria,false,176522.506619594,100,,,,,,,,,,,,,100,17.6522506619594,1,,,68.1,47.0,10^-11.1778,,,,,[55518],0
55518,1,13134,Magnetospirillum gryphiswaldense,"",bacteria,false,176522.506619594,100,,,,,,,,,,,,,100,17.6522506619594,1,,,68.1,47.0,10^-11.1778,,,,,,0
830,2,830,Butyrivibrio,"",bacteria,false,176522.506619594,100,100,17.6522506619594,1,,,100.0,44.0,10^-17.6284,,,,,,,,,,,,,,,,,[831],0
831,1,830,Butyrivibrio fibrisolvens,"",bacteria,false,176522.506619594,100,100,17.6522506619594,1,,,100.0,44.0,10^-17.6284,,,,,,,,,,,,,,,,,,0
-200084107,2,-200084107,non-genus-specific reads in family Coriobacteriaceae,,bacteria,false,176522.506619594,100,100,17.6522506619594,1,,,100.0,146.0,10^-87.0984,,,,,,,,,,,,,,,,,[331632],0
331632,1,-200084107,uncultured Coriobacteriaceae bacterium,"",bacteria,false,176522.506619594,100,100,17.6522506619594,1,,,100.0,146.0,10^-87.0984,,,,,,,,,,,,,,,,,,0
-200128827,2,-200128827,non-genus-specific reads in family Erysipelotrichaceae,,bacteria,false,176522.506619594,100,100,17.6522506619594,1,,,100.0,126.0,10^-73.4386,,,,,-100,0.0,0,,,0,0,10^0,163.934,366.569,0.000406504,0.000908971,[2109692],0
2109692,1,-200128827,Erysipelotrichaceae bacterium GAM147,"",bacteria,false,176522.506619594,100,100,17.6522506619594,1,,,100.0,126.0,10^-73.4386,,,,,,,,,,,,,,,,,,0
6278,2,6278,Brugia,"",eukaryota,false,174757.28155339806,99,,,,,,,,,,,,,99,17.6522506619594,1,,,93.5,31.0,10^-9.77728,227.273,508.197,0.00026178,0.000585358,[42155],1
42155,1,6278,Brugia timori,"",eukaryota,false,174757.28155339806,100,,,,,,,,,,,,,100,17.6522506619594,1,,,93.5,31.0,10^-9.77728,,,,,,1
1279,2,1279,Staphylococcus,"",bacteria,false,151527.34179113014,65.51344866692457,-100,0.0,0,,,0,0,10^0,163.934,366.569,0.000406504,0.000908971,65.51344866692457,35.3045013239188,2,,,76.0,25.0,10^-5.26201,548.376,774.508,0.00157346,0.00215656,[1280],1
1280,1,1279,Staphylococcus aureus,"",bacteria,false,151527.34179113014,65.51344866692457,-100,0.0,0,,,0,0,10^0,163.934,366.569,0.000406504,0.000908971,65.51344866692457,35.3045013239188,2,,,76.0,25.0,10^-5.26201,548.376,774.508,0.00157346,0.00215656,,1
3869,2,3869,Lupinus,"",eukaryota,false,120678.92833577485,33.755150940811106,,,,,,,,,,,,,33.755150940811106,105.9135039717564,6,,,94.8333,29.6667,10^-11.2257,2108.35,3581.77,0.00622698,0.012512,[3870],0
3870,1,3869,Lupinus albus,white lupine,eukaryota,false,120678.92833577485,33.755150940811106,,,,,,,,,,,,,33.755150940811106,105.9135039717564,6,,,94.8333,29.6667,10^-11.2257,2108.35,3581.77,0.00622698,0.012512,,0
1350,2,1350,Enterococcus,"",bacteria,false,87063.06479692788,12.33030655186491,2.747166744716016,17.6522506619594,1,,,84.615,78.0,10^-24.2416,1923.08,4300.13,0.01,0.0223607,12.33030655186491,141.2180052956752,8,,,96.75,34.5,10^-15.0592,3846.15,8600.26,0.02,0.0447214,"[1351, 1274384, 1352]",2
1351,1,1350,Enterococcus faecalis,"",bacteria,false,87063.06479692788,100,,,,,,,,,,,,,100,70.6090026478376,4,,,94.825,34.5,10^-13.6867,,,,,,1
1274384,1,1350,Enterococcus alcedinis,"",bacteria,false,43531.53239846394,100,,,,,,,,,,,,,100,35.3045013239188,2,,,100.0,31.5,10^-15.4122,,,,,,0
1352,1,1350,Enterococcus faecium,"",bacteria,false,1329.1039955189437,2.747166744716016,2.747166744716016,17.6522506619594,1,,,84.615,78.0,10^-24.2416,1923.08,4300.13,0.01,0.0223607,2.747166744716016,35.3045013239188,2,,,97.35,37.5,10^-17.4511,3846.15,8600.26,0.02,0.0447214,,1
1883,2,1883,Streptomyces,"",bacteria,false,11932.19031029866,6.759585810784191,-100,0.0,0,,,0,0,10^0,110.254,246.535,0.000380228,0.000850216,6.759585810784191,17.6522506619594,1,,,78.7,47.0,10^-12.2314,1941.52,2772.66,0.0054928,0.00975441,[51201],0
51201,1,1883,Streptomyces griseocarneus,"",bacteria,false,11932.19031029866,100,,,,,,,,,,,,,100,17.6522506619594,1,,,78.7,47.0,10^-12.2314,,,,,,0
